
CREATE EXTENSION IF NOT EXISTS "uuid-ossp";

-- =========================================
-- USERS
-- =========================================

INSERT INTO users (
    id,
    name,
    email,
    password,
    role,
    created_at,
    updated_at
)
VALUES
(
    '10000000-0000-0000-0000-000000000001',
    'Admin',
    'admin@email.com',
    '$2a$12$.haoDO/UNy8u.GIxoo3UquLf6mdtS4fng.dP5L45cbbWf5uI8tAOa', 
    'ADMIN',
    NOW(),
    NOW()
),
(
    '10000000-0000-0000-0000-000000000002',
    'user1',
    'user1@email.com',
    '$2a$12$SMNO2wSPET5QONnILELAvuV9c4jQVKv4AW1tUM4rVl579BZNehpsy',
    'CUSTOMER',
    NOW(),
    NOW()
);

-- =========================================
-- REGIONS
-- =========================================

INSERT INTO regions (
    id,
    name,
    created_at,
    updated_at
)
VALUES
(
    '20000000-0000-0000-0000-000000000001',
    'Jawa Timur',
    NOW(),
    NOW()
),
(
    '20000000-0000-0000-0000-000000000002',
    'DKI Jakarta',
    NOW(),
    NOW()
);

-- =========================================
-- CITIES
-- =========================================

INSERT INTO cities (
    id,
    region_id,
    name,
    created_at,
    updated_at
)
VALUES
(
    '30000000-0000-0000-0000-000000000001',
    '20000000-0000-0000-0000-000000000001',
    'Surabaya',
    NOW(),
    NOW()
),
(
    '30000000-0000-0000-0000-000000000002',
    '20000000-0000-0000-0000-000000000001',
    'Malang',
    NOW(),
    NOW()
),
(
    '30000000-0000-0000-0000-000000000003',
    '20000000-0000-0000-0000-000000000002',
    'Jakarta Selatan',
    NOW(),
    NOW()
);

-- =========================================
-- CINEMAS
-- =========================================

INSERT INTO cinemas (
    id,
    city_id,
    name,
    created_at,
    updated_at
)
VALUES
(
    '40000000-0000-0000-0000-000000000001',
    '30000000-0000-0000-0000-000000000001',
    'XXI Tunjungan Plaza',
    NOW(),
    NOW()
),
(
    '40000000-0000-0000-0000-000000000002',
    '30000000-0000-0000-0000-000000000003',
    'CGV Grand Indonesia',
    NOW(),
    NOW()
);

-- =========================================
-- STUDIOS
-- =========================================

INSERT INTO studios (
    id,
    cinema_id,
    name,
    capacity,
    created_at,
    updated_at
)
VALUES
(
    '50000000-0000-0000-0000-000000000001',
    '40000000-0000-0000-0000-000000000001',
    'Studio 1',
    100,
    NOW(),
    NOW()
),
(
    '50000000-0000-0000-0000-000000000002',
    '40000000-0000-0000-0000-000000000002',
    'IMAX',
    150,
    NOW(),
    NOW()
);

-- =========================================
-- SEATS
-- =========================================

INSERT INTO seats (
    id,
    studio_id,
    seat_row,
    seat_number,
    created_at,
    updated_at
)
VALUES
(
    '60000000-0000-0000-0000-000000000001',
    '50000000-0000-0000-0000-000000000001',
    'A',
    1,
    NOW(),
    NOW()
),
(
    '60000000-0000-0000-0000-000000000002',
    '50000000-0000-0000-0000-000000000001',
    'A',
    2,
    NOW(),
    NOW()
),
(
    '60000000-0000-0000-0000-000000000003',
    '50000000-0000-0000-0000-000000000001',
    'A',
    3,
    NOW(),
    NOW()
),
(
    '60000000-0000-0000-0000-000000000004',
    '50000000-0000-0000-0000-000000000001',
    'B',
    1,
    NOW(),
    NOW()
);

-- =========================================
-- MOVIES
-- =========================================

INSERT INTO movies (
    id,
    name,
    duration_minutes,
    description,
    created_at,
    updated_at
)
VALUES
(
    '70000000-0000-0000-0000-000000000001',
    'Avengers Endgame',
    180,
    'Superhero action movie',
    NOW(),
    NOW()
),
(
    '70000000-0000-0000-0000-000000000002',
    'Interstellar',
    169,
    'Science fiction movie',
    NOW(),
    NOW()
);

-- =========================================
-- SCHEDULES
-- =========================================

INSERT INTO schedules (
    id,
    movie_id,
    studio_id,
    show_time,
    end_time,
    price,
    created_at,
    updated_at
)
VALUES
(
    '80000000-0000-0000-0000-000000000001',
    '70000000-0000-0000-0000-000000000001',
    '50000000-0000-0000-0000-000000000001',
    '2026-05-20 19:00:00',
    '2026-05-20 22:00:00',
    50000,
    NOW(),
    NOW()
),
(
    '80000000-0000-0000-0000-000000000002',
    '70000000-0000-0000-0000-000000000002',
    '50000000-0000-0000-0000-000000000002',
    '2026-05-21 20:00:00',
    '2026-05-21 23:00:00',
    75000,
    NOW(),
    NOW()
);

-- =========================================
-- BOOKINGS
-- =========================================

INSERT INTO bookings (
    id,
    user_id,
    schedule_id,
    booking_code,
    total_amount,
    status,
    created_at,
    updated_at
)
VALUES
(
    '90000000-0000-0000-0000-000000000001',
    '10000000-0000-0000-0000-000000000002',
    '80000000-0000-0000-0000-000000000001',
    'INV-001',
    100000,
    'PAID',
    NOW(),
    NOW()
);

-- =========================================
-- BOOKING SEATS
-- =========================================

INSERT INTO booking_seats (
    id,
    booking_id,
    schedule_id,
    seat_id,
    created_at,
    updated_at
)
VALUES
(
    '91000000-0000-0000-0000-000000000001',
    '90000000-0000-0000-0000-000000000001',
    '80000000-0000-0000-0000-000000000001',
    '60000000-0000-0000-0000-000000000001',
    NOW(),
    NOW()
),
(
    '91000000-0000-0000-0000-000000000002',
    '90000000-0000-0000-0000-000000000001',
    '80000000-0000-0000-0000-000000000001',
    '60000000-0000-0000-0000-000000000002',
    NOW(),
    NOW()
);

-- =========================================
-- PAYMENTS
-- =========================================

INSERT INTO payments (
    id,
    booking_id,
    payment_method,
    final_amount,
    status,
    paid_at
)
VALUES
(
    '92000000-0000-0000-0000-000000000001',
    '90000000-0000-0000-0000-000000000001',
    'QRIS',
    100000,
    'PAID',
    NOW()
);

-- =========================================
-- REFUNDS
-- =========================================

INSERT INTO refunds (
    id,
    booking_id,
    amount,
    status,
    refunded_at
)
VALUES
(
    '93000000-0000-0000-0000-000000000001',
    '90000000-0000-0000-0000-000000000001',
    100000,
    'SUCCESS',
    NOW()
);

-- =========================================
-- SEAT LOCKS
-- =========================================

INSERT INTO seat_locks (
    id,
    user_id,
    schedule_id,
    seat_id,
    status,
    expired_at,
    created_at,
    updated_at
)
VALUES
(
    '94000000-0000-0000-0000-000000000001',
    '10000000-0000-0000-0000-000000000002',
    '80000000-0000-0000-0000-000000000002',
    '60000000-0000-0000-0000-000000000003',
    'ACTIVE',
    NOW() + INTERVAL '5 minutes',
    NOW(),
    NOW()
);